<?xml version="1.0" encoding="UTF-8"?>
<beans:beans
	xmlns="http://www.springframework.org/schema/mvc"
	xmlns:xsi="http://www.w3.org/2001/XMLSchema-instance"
	xmlns:beans="http://www.springframework.org/schema/beans"
	xmlns:context="http://www.springframework.org/schema/context"
	xsi:schemaLocation="http://www.springframework.org/schema/mvc https://www.springframework.org/schema/mvc/spring-mvc.xsd
		http://www.springframework.org/schema/beans https://www.springframework.org/schema/beans/spring-beans.xsd
		http://www.springframework.org/schema/context https://www.springframework.org/schema/context/spring-context.xsd">


	<!-- DispatcherServlet Context: defines this servlet's request-processing 
		infrastructure -->

	<!-- Enables the Spring MVC @Controller programming model -->
	<annotation-driven />

	<!-- Handles HTTP GET requests for /resources/** by efficiently serving 
		up static resources in the ${webappRoot}/resources directory -->
	<resources mapping="/resources/**" location="/resources/" />

	<!-- Resolves views selected for rendering by @Controllers to .jsp resources 
		in the /WEB-INF/views directory -->
	<beans:bean
		class="org.springframework.web.servlet.view.InternalResourceViewResolver">
		<beans:property name="prefix" value="/WEB-INF/views/" />
		<beans:property name="suffix" value=".jsp" />
	</beans:bean>
	<beans:bean id="multipartResolver"
		class="org.springframework.web.multipart.commons.CommonsMultipartResolver">
		<beans:property name="maxUploadSize" value="10485760" />  <!-- 10M 1024byte * 1024 1mbyte *10 = 10M -->
		<beans:property name="defaultEncoding" value="utf-8" />   <!-- l024byte =>1kbyte , 1024kbyte == >1M *10 =>10M -->
	</beans:bean>

	<context:component-scan
		base-package="com.sh.kakaologin" />
	<context:component-scan
		base-package="com.sh.saveUser" />
	<context:component-scan
		base-package="com.sh.address" />
	<context:component-scan
		base-package="com.sh.login" />
	<context:component-scan
		base-package="com.sh.myPage" />
	<context:component-scan
		base-package="com.sh.updatePage" />
	<context:component-scan
		base-package="com.sh.homePage" />
	<context:component-scan
		base-package="com.sh.product" />
	<context:component-scan
		base-package="com.sh.scroll" />
	<context:component-scan
		base-package="com.sh.order" />
	<context:component-scan
		base-package="com.sh.deleteUser" />
	<context:component-scan
		base-package="com.sh.chatting" />

	<context:component-scan
		base-package="com.sh.qna" />
	<context:component-scan
		base-package="com.sh.kakaopay" />
	




</beans:beans>
